seed,converged,num_goals,num_agents,agent_types,use_ep,num_iters
0,True,3,2,['A' 'B'],True,17
0,True,4,2,['A' 'B'],True,15
0,True,5,2,['B' 'A'],True,14
0,True,3,3,['A' 'B' 'B'],True,35
0,True,4,3,['B' 'A' 'B'],True,69
0,False,5,3,['B' 'A' 'B'],True,99
0,True,3,4,['B' 'A' 'B' 'A'],True,32
0,True,4,4,['B' 'A' 'B' 'B'],True,59
0,True,5,4,['A' 'B' 'B' 'A'],True,24
0,False,3,5,['B' 'A' 'B' 'B' 'A'],True,99
0,True,4,5,['A' 'B' 'B' 'A' 'A'],True,54
0,True,5,5,['A' 'B' 'A' 'B' 'B'],True,30
0,True,3,2,['A' 'B'],False,21
0,True,4,2,['A' 'B'],False,21
0,True,5,2,['B' 'A'],False,14
0,False,3,3,['A' 'B' 'B'],False,99
0,True,4,3,['B' 'A' 'B'],False,26
0,True,5,3,['B' 'A' 'B'],False,38
0,True,3,4,['B' 'A' 'B' 'A'],False,70
0,True,4,4,['B' 'A' 'B' 'B'],False,90
0,True,5,4,['A' 'B' 'B' 'A'],False,64
0,False,3,5,['B' 'A' 'B' 'B' 'A'],False,99
0,False,4,5,['A' 'B' 'B' 'A' 'A'],False,99
0,False,5,5,['A' 'B' 'A' 'B' 'B'],False,99
1,True,3,2,['A' 'B'],True,19
1,True,4,2,['B' 'A'],True,11
1,True,5,2,['B' 'A'],True,13
1,True,3,3,['B' 'A' 'A'],True,18
1,True,4,3,['B' 'A' 'A'],True,15
1,False,5,3,['B' 'B' 'B'],True,99
1,True,3,4,['B' 'A' 'A' 'A'],True,17
1,False,4,4,['B' 'B' 'B' 'B'],True,99
1,True,5,4,['B' 'A' 'A' 'A'],True,19
1,False,3,5,['B' 'B' 'B' 'B' 'B'],True,99
1,True,4,5,['B' 'A' 'A' 'A' 'B'],True,17
1,False,5,5,['B' 'B' 'B' 'B' 'B'],True,99
1,True,3,2,['A' 'B'],False,17
1,True,4,2,['B' 'A'],False,14
1,True,5,2,['B' 'A'],False,13
1,False,3,3,['B' 'A' 'A'],False,99
1,False,4,3,['B' 'A' 'A'],False,99
1,True,5,3,['B' 'B' 'B'],False,28
1,False,3,4,['B' 'A' 'A' 'A'],False,99
1,False,4,4,['B' 'B' 'B' 'B'],False,99
1,True,5,4,['B' 'A' 'A' 'A'],False,82
1,False,3,5,['B' 'B' 'B' 'B' 'B'],False,99
1,False,4,5,['B' 'A' 'A' 'A' 'B'],False,99
1,False,5,5,['B' 'B' 'B' 'B' 'B'],False,99
2,True,3,2,['A' 'A'],True,14
2,True,4,2,['B' 'A'],True,10
2,True,5,2,['B' 'B'],True,23
2,True,3,3,['B' 'A' 'A'],True,20
2,True,4,3,['B' 'B' 'B'],True,59
2,True,5,3,['A' 'B' 'A'],True,19
2,True,3,4,['B' 'B' 'B' 'A'],True,28
2,True,4,4,['A' 'B' 'A' 'A'],True,19
2,False,5,4,['B' 'B' 'B' 'A'],True,99
2,False,3,5,['A' 'B' 'A' 'A' 'B'],True,99
2,True,4,5,['B' 'B' 'B' 'A' 'A'],True,49
2,False,5,5,['A' 'A' 'A' 'B' 'B'],True,99
2,True,3,2,['A' 'A'],False,13
2,True,4,2,['B' 'A'],False,10
2,True,5,2,['B' 'B'],False,18
2,True,3,3,['B' 'A' 'A'],False,23
2,True,4,3,['B' 'B' 'B'],False,64
2,True,5,3,['A' 'B' 'A'],False,71
2,False,3,4,['B' 'B' 'B' 'A'],False,99
2,False,4,4,['A' 'B' 'A' 'A'],False,99
2,True,5,4,['B' 'B' 'B' 'A'],False,49
2,False,3,5,['A' 'B' 'A' 'A' 'B'],False,99
2,False,4,5,['B' 'B' 'B' 'A' 'A'],False,99
2,False,5,5,['A' 'A' 'A' 'B' 'B'],False,99
3,True,3,2,['A' 'B'],True,13
3,True,4,2,['A' 'A'],True,11
3,True,5,2,['A' 'A'],True,24
3,True,3,3,['A' 'A' 'B'],True,13
3,True,4,3,['A' 'A' 'A'],True,17
3,False,5,3,['A' 'B' 'B'],True,99
3,True,3,4,['A' 'A' 'A' 'B'],True,20
3,True,4,4,['A' 'B' 'B' 'A'],True,15
3,True,5,4,['B' 'A' 'A' 'B'],True,27
3,False,3,5,['A' 'B' 'B' 'A' 'B'],True,99
3,True,4,5,['B' 'A' 'A' 'B' 'B'],True,30
3,True,5,5,['B' 'A' 'A' 'B' 'A'],True,35
3,True,3,2,['A' 'B'],False,17
3,True,4,2,['A' 'A'],False,11
3,True,5,2,['A' 'A'],False,24
3,False,3,3,['A' 'A' 'B'],False,99
3,True,4,3,['A' 'A' 'A'],False,17
3,True,5,3,['A' 'B' 'B'],False,33
3,False,3,4,['A' 'A' 'A' 'B'],False,99
3,True,4,4,['A' 'B' 'B' 'A'],False,29
3,True,5,4,['B' 'A' 'A' 'B'],False,22
3,False,3,5,['A' 'B' 'B' 'A' 'B'],False,99
3,False,4,5,['B' 'A' 'A' 'B' 'B'],False,99
3,False,5,5,['B' 'A' 'A' 'B' 'A'],False,99
4,True,3,2,['A' 'A'],True,22
4,True,4,2,['A' 'A'],True,19
4,True,5,2,['B' 'B'],True,29
4,True,3,3,['A' 'A' 'B'],True,22
4,False,4,3,['B' 'B' 'B'],True,99
4,True,5,3,['A' 'B' 'A'],True,42
4,False,3,4,['B' 'B' 'B' 'B'],True,99
4,True,4,4,['A' 'B' 'A' 'A'],True,46
4,True,5,4,['A' 'A' 'B' 'A'],True,36
4,True,3,5,['A' 'B' 'A' 'A' 'A'],True,52
4,True,4,5,['A' 'A' 'B' 'A' 'A'],True,46
4,True,5,5,['A' 'B' 'A' 'A' 'B'],True,36
4,True,3,2,['A' 'A'],False,22
4,True,4,2,['A' 'A'],False,19
4,False,5,2,['B' 'B'],False,99
4,False,3,3,['A' 'A' 'B'],False,99
4,False,4,3,['B' 'B' 'B'],False,99
4,True,5,3,['A' 'B' 'A'],False,29
4,False,3,4,['B' 'B' 'B' 'B'],False,99
4,True,4,4,['A' 'B' 'A' 'A'],False,56
4,False,5,4,['A' 'A' 'B' 'A'],False,99
4,False,3,5,['A' 'B' 'A' 'A' 'A'],False,99
4,True,4,5,['A' 'A' 'B' 'A' 'A'],False,63
4,False,5,5,['A' 'B' 'A' 'A' 'B'],False,99
5,True,3,2,['B' 'B'],True,18
5,True,4,2,['A' 'B'],True,38
5,True,5,2,['B' 'A'],True,29
5,False,3,3,['A' 'B' 'B'],True,99
5,True,4,3,['B' 'A' 'A'],True,26
5,True,5,3,['B' 'A' 'A'],True,28
5,True,3,4,['B' 'A' 'A' 'A'],True,22
5,True,4,4,['B' 'A' 'A' 'B'],True,88
5,True,5,4,['B' 'A' 'B' 'B'],True,34
5,True,3,5,['B' 'A' 'A' 'B' 'B'],True,25
5,True,4,5,['B' 'A' 'B' 'B' 'A'],True,74
5,True,5,5,['A' 'B' 'A' 'B' 'A'],True,27
5,True,3,2,['B' 'B'],False,46
5,True,4,2,['A' 'B'],False,34
5,True,5,2,['B' 'A'],False,30
5,True,3,3,['A' 'B' 'B'],False,53
5,True,4,3,['B' 'A' 'A'],False,31
5,True,5,3,['B' 'A' 'A'],False,51
5,False,3,4,['B' 'A' 'A' 'A'],False,99
5,True,4,4,['B' 'A' 'A' 'B'],False,31
5,False,5,4,['B' 'A' 'B' 'B'],False,99
5,True,3,5,['B' 'A' 'A' 'B' 'B'],False,47
5,False,4,5,['B' 'A' 'B' 'B' 'A'],False,99
5,False,5,5,['A' 'B' 'A' 'B' 'A'],False,99
6,True,3,2,['A' 'B'],True,16
6,True,4,2,['A' 'A'],True,14
6,True,5,2,['A' 'B'],True,21
6,True,3,3,['A' 'A' 'B'],True,16
6,True,4,3,['A' 'B' 'B'],True,12
6,True,5,3,['B' 'B' 'A'],True,24
6,True,3,4,['A' 'B' 'B' 'A'],True,16
6,True,4,4,['B' 'B' 'A' 'A'],True,33
6,False,5,4,['B' 'B' 'B' 'B'],True,99
6,True,3,5,['B' 'B' 'A' 'A' 'B'],True,49
6,True,4,5,['B' 'B' 'B' 'B' 'A'],True,71
6,True,5,5,['A' 'B' 'A' 'A' 'A'],True,22
6,True,3,2,['A' 'B'],False,48
6,True,4,2,['A' 'A'],False,14
6,True,5,2,['A' 'B'],False,11
6,False,3,3,['A' 'A' 'B'],False,99
6,False,4,3,['A' 'B' 'B'],False,99
6,True,5,3,['B' 'B' 'A'],False,60
6,False,3,4,['A' 'B' 'B' 'A'],False,99
6,True,4,4,['B' 'B' 'A' 'A'],False,53
6,False,5,4,['B' 'B' 'B' 'B'],False,99
6,False,3,5,['B' 'B' 'A' 'A' 'B'],False,99
6,False,4,5,['B' 'B' 'B' 'B' 'A'],False,99
6,True,5,5,['A' 'B' 'A' 'A' 'A'],False,31
7,True,3,2,['A' 'A'],True,23
7,True,4,2,['A' 'A'],True,11
7,True,5,2,['A' 'A'],True,26
7,True,3,3,['A' 'A' 'B'],True,23
7,False,4,3,['A' 'A' 'B'],True,99
7,False,5,3,['A' 'B' 'B'],True,99
7,True,3,4,['A' 'A' 'B' 'A'],True,23
7,True,4,4,['A' 'B' 'B' 'A'],True,23
7,True,5,4,['A' 'B' 'B' 'A'],True,23
7,True,3,5,['A' 'B' 'B' 'A' 'A'],True,23
7,False,4,5,['A' 'B' 'B' 'A' 'B'],True,99
7,True,5,5,['B' 'B' 'A' 'A' 'A'],True,78
7,True,3,2,['A' 'A'],False,23
7,True,4,2,['A' 'A'],False,11
7,True,5,2,['A' 'A'],False,26
7,True,3,3,['A' 'A' 'B'],False,23
7,True,4,3,['A' 'A' 'B'],False,28
7,False,5,3,['A' 'B' 'B'],False,99
7,True,3,4,['A' 'A' 'B' 'A'],False,28
7,False,4,4,['A' 'B' 'B' 'A'],False,99
7,False,5,4,['A' 'B' 'B' 'A'],False,99
7,True,3,5,['A' 'B' 'B' 'A' 'A'],False,60
7,False,4,5,['A' 'B' 'B' 'A' 'B'],False,99
7,False,5,5,['B' 'B' 'A' 'A' 'A'],False,99
8,True,3,2,['B' 'B'],True,79
8,True,4,2,['A' 'B'],True,7
8,True,5,2,['A' 'B'],True,18
8,True,3,3,['A' 'B' 'A'],True,15
8,True,4,3,['A' 'B' 'A'],True,16
8,False,5,3,['B' 'A' 'B'],True,99
8,True,3,4,['A' 'B' 'A' 'B'],True,15
8,True,4,4,['B' 'A' 'B' 'B'],True,27
8,False,5,4,['B' 'B' 'A' 'B'],True,99
8,True,3,5,['B' 'A' 'B' 'B' 'B'],True,18
8,True,4,5,['B' 'B' 'A' 'B' 'A'],True,87
8,False,5,5,['A' 'A' 'A' 'B' 'B'],True,99
8,False,3,2,['B' 'B'],False,99
8,True,4,2,['A' 'B'],False,14
8,True,5,2,['A' 'B'],False,16
8,True,3,3,['A' 'B' 'A'],False,33
8,True,4,3,['A' 'B' 'A'],False,29
8,True,5,3,['B' 'A' 'B'],False,12
8,False,3,4,['A' 'B' 'A' 'B'],False,99
8,False,4,4,['B' 'A' 'B' 'B'],False,99
8,False,5,4,['B' 'B' 'A' 'B'],False,99
8,False,3,5,['B' 'A' 'B' 'B' 'B'],False,99
8,False,4,5,['B' 'B' 'A' 'B' 'A'],False,99
8,True,5,5,['A' 'A' 'A' 'B' 'B'],False,24
9,True,3,2,['B' 'A'],True,11
9,True,4,2,['A' 'B'],True,17
9,True,5,2,['A' 'B'],True,54
9,True,3,3,['A' 'B' 'A'],True,18
9,False,4,3,['A' 'B' 'A'],True,99
9,True,5,3,['A' 'A' 'A'],True,33
9,True,3,4,['A' 'B' 'A' 'A'],True,47
9,True,4,4,['A' 'A' 'A' 'A'],True,31
9,True,5,4,['A' 'A' 'B' 'A'],True,32
9,True,3,5,['A' 'A' 'A' 'A' 'A'],True,49
9,False,4,5,['A' 'A' 'B' 'A' 'B'],True,99
9,False,5,5,['B' 'B' 'B' 'B' 'A'],True,99
9,True,3,2,['B' 'A'],False,12
9,True,4,2,['A' 'B'],False,26
9,True,5,2,['A' 'B'],False,42
9,True,3,3,['A' 'B' 'A'],False,35
9,False,4,3,['A' 'B' 'A'],False,99
9,True,5,3,['A' 'A' 'A'],False,35
9,False,3,4,['A' 'B' 'A' 'A'],False,99
9,True,4,4,['A' 'A' 'A' 'A'],False,32
9,True,5,4,['A' 'A' 'B' 'A'],False,35
9,True,3,5,['A' 'A' 'A' 'A' 'A'],False,49
9,True,4,5,['A' 'A' 'B' 'A' 'B'],False,62
9,False,5,5,['B' 'B' 'B' 'B' 'A'],False,99
10,True,3,2,['A' 'B'],True,26
10,True,4,2,['B' 'B'],True,31
10,True,5,2,['B' 'A'],True,24
10,False,3,3,['B' 'B' 'A'],True,99
10,True,4,3,['B' 'A' 'A'],True,25
10,True,5,3,['A' 'A' 'A'],True,36
10,True,3,4,['B' 'A' 'A' 'B'],True,37
10,True,4,4,['A' 'A' 'A' 'B'],True,39
10,True,5,4,['B' 'A' 'B' 'B'],True,61
10,True,3,5,['A' 'A' 'A' 'B' 'B'],True,47
10,True,4,5,['B' 'A' 'B' 'B' 'B'],True,28
10,False,5,5,['B' 'B' 'B' 'A' 'B'],True,99
10,True,3,2,['A' 'B'],False,41
10,False,4,2,['B' 'B'],False,99
10,True,5,2,['B' 'A'],False,25
10,False,3,3,['B' 'B' 'A'],False,99
10,True,4,3,['B' 'A' 'A'],False,63
10,True,5,3,['A' 'A' 'A'],False,34
10,False,3,4,['B' 'A' 'A' 'B'],False,99
10,False,4,4,['A' 'A' 'A' 'B'],False,99
10,False,5,4,['B' 'A' 'B' 'B'],False,99
10,False,3,5,['A' 'A' 'A' 'B' 'B'],False,99
10,False,4,5,['B' 'A' 'B' 'B' 'B'],False,99
10,False,5,5,['B' 'B' 'B' 'A' 'B'],False,99
11,True,3,2,['A' 'A'],True,24
11,True,4,2,['A' 'B'],True,23
11,True,5,2,['A' 'B'],True,34
11,True,3,3,['A' 'B' 'B'],True,30
11,True,4,3,['A' 'B' 'B'],True,31
11,False,5,3,['A' 'B' 'B'],True,99
11,True,3,4,['A' 'B' 'B' 'A'],True,31
11,True,4,4,['A' 'B' 'B' 'A'],True,33
11,True,5,4,['B' 'A' 'A' 'A'],True,27
11,True,3,5,['A' 'B' 'B' 'A' 'B'],True,35
11,True,4,5,['B' 'A' 'A' 'A' 'B'],True,57
11,True,5,5,['B' 'B' 'A' 'B' 'B'],True,41
11,True,3,2,['A' 'A'],False,24
11,True,4,2,['A' 'B'],False,23
11,True,5,2,['A' 'B'],False,34
11,True,3,3,['A' 'B' 'B'],False,32
11,False,4,3,['A' 'B' 'B'],False,99
11,False,5,3,['A' 'B' 'B'],False,99
11,False,3,4,['A' 'B' 'B' 'A'],False,99
11,False,4,4,['A' 'B' 'B' 'A'],False,99
11,True,5,4,['B' 'A' 'A' 'A'],False,25
11,False,3,5,['A' 'B' 'B' 'A' 'B'],False,99
11,False,4,5,['B' 'A' 'A' 'A' 'B'],False,99
11,False,5,5,['B' 'B' 'A' 'B' 'B'],False,99
12,True,3,2,['A' 'B'],True,28
12,True,4,2,['B' 'A'],True,30
12,True,5,2,['A' 'A'],True,26
12,True,3,3,['B' 'A' 'B'],True,41
12,True,4,3,['A' 'A' 'B'],True,29
12,False,5,3,['A' 'B' 'B'],True,99
12,True,3,4,['A' 'A' 'B' 'B'],True,36
12,True,4,4,['A' 'B' 'B' 'A'],True,28
12,True,5,4,['A' 'A' 'A' 'A'],True,26
12,True,3,5,['A' 'B' 'B' 'A' 'A'],True,36
12,True,4,5,['A' 'A' 'A' 'A' 'A'],True,28
12,False,5,5,['A' 'A' 'B' 'B' 'B'],True,99
12,True,3,2,['A' 'B'],False,48
12,True,4,2,['B' 'A'],False,29
12,True,5,2,['A' 'A'],False,26
12,True,3,3,['B' 'A' 'B'],False,40
12,True,4,3,['A' 'A' 'B'],False,37
12,False,5,3,['A' 'B' 'B'],False,99
12,True,3,4,['A' 'A' 'B' 'B'],False,48
12,True,4,4,['A' 'B' 'B' 'A'],False,54
12,True,5,4,['A' 'A' 'A' 'A'],False,26
12,False,3,5,['A' 'B' 'B' 'A' 'A'],False,99
12,True,4,5,['A' 'A' 'A' 'A' 'A'],False,28
12,False,5,5,['A' 'A' 'B' 'B' 'B'],False,99
13,True,3,2,['B' 'B'],True,36
13,True,4,2,['A' 'B'],True,47
13,True,5,2,['B' 'A'],True,26
13,False,3,3,['A' 'B' 'B'],True,99
13,True,4,3,['B' 'A' 'B'],True,42
13,True,5,3,['B' 'A' 'A'],True,32
13,True,3,4,['B' 'A' 'B' 'B'],True,79
13,True,4,4,['B' 'A' 'A' 'A'],True,30
13,True,5,4,['B' 'A' 'A' 'A'],True,34
13,True,3,5,['B' 'A' 'A' 'A' 'B'],True,54
13,True,4,5,['B' 'A' 'A' 'A' 'A'],True,28
13,True,5,5,['A' 'A' 'A' 'B' 'B'],True,30
13,False,3,2,['B' 'B'],False,99
13,True,4,2,['A' 'B'],False,30
13,True,5,2,['B' 'A'],False,29
13,False,3,3,['A' 'B' 'B'],False,99
13,False,4,3,['B' 'A' 'B'],False,99
13,True,5,3,['B' 'A' 'A'],False,28
13,False,3,4,['B' 'A' 'B' 'B'],False,99
13,True,4,4,['B' 'A' 'A' 'A'],False,41
13,True,5,4,['B' 'A' 'A' 'A'],False,37
13,False,3,5,['B' 'A' 'A' 'A' 'B'],False,99
13,True,4,5,['B' 'A' 'A' 'A' 'A'],False,37
13,False,5,5,['A' 'A' 'A' 'B' 'B'],False,99
14,True,3,2,['B' 'A'],True,22
14,True,4,2,['A' 'A'],True,11
14,True,5,2,['B' 'B'],True,27
14,True,3,3,['A' 'A' 'A'],True,16
14,True,4,3,['B' 'B' 'A'],True,49
14,False,5,3,['B' 'A' 'B'],True,99
14,False,3,4,['B' 'B' 'A' 'B'],True,99
14,True,4,4,['B' 'A' 'B' 'B'],True,20
14,True,5,4,['B' 'A' 'B' 'B'],True,20
14,True,3,5,['B' 'A' 'B' 'B' 'B'],True,16
14,True,4,5,['B' 'A' 'B' 'B' 'B'],True,16
14,True,5,5,['B' 'A' 'B' 'B' 'A'],True,30
14,True,3,2,['B' 'A'],False,33
14,True,4,2,['A' 'A'],False,11
14,True,5,2,['B' 'B'],False,19
14,True,3,3,['A' 'A' 'A'],False,16
14,True,4,3,['B' 'B' 'A'],False,62
14,True,5,3,['B' 'A' 'B'],False,92
14,False,3,4,['B' 'B' 'A' 'B'],False,99
14,False,4,4,['B' 'A' 'B' 'B'],False,99
14,False,5,4,['B' 'A' 'B' 'B'],False,99
14,False,3,5,['B' 'A' 'B' 'B' 'B'],False,99
14,False,4,5,['B' 'A' 'B' 'B' 'B'],False,99
14,False,5,5,['B' 'A' 'B' 'B' 'A'],False,99
15,True,3,2,['A' 'B'],True,10
15,True,4,2,['B' 'B'],True,34
15,True,5,2,['B' 'A'],True,31
15,True,3,3,['B' 'B' 'B'],True,82
15,False,4,3,['B' 'A' 'B'],True,99
15,True,5,3,['A' 'B' 'A'],True,31
15,True,3,4,['B' 'A' 'B' 'B'],True,56
15,True,4,4,['A' 'B' 'A' 'A'],True,37
15,False,5,4,['B' 'B' 'B' 'A'],True,99
15,True,3,5,['A' 'B' 'A' 'A' 'B'],True,31
15,False,4,5,['B' 'B' 'B' 'A' 'B'],True,99
15,True,5,5,['B' 'A' 'A' 'B' 'A'],True,43
15,True,3,2,['A' 'B'],False,15
15,True,4,2,['B' 'B'],False,32
15,True,5,2,['B' 'A'],False,31
15,False,3,3,['B' 'B' 'B'],False,99
15,True,4,3,['B' 'A' 'B'],False,68
15,False,5,3,['A' 'B' 'A'],False,99
15,False,3,4,['B' 'A' 'B' 'B'],False,99
15,False,4,4,['A' 'B' 'A' 'A'],False,99
15,False,5,4,['B' 'B' 'B' 'A'],False,99
15,False,3,5,['A' 'B' 'A' 'A' 'B'],False,99
15,False,4,5,['B' 'B' 'B' 'A' 'B'],False,99
15,False,5,5,['B' 'A' 'A' 'B' 'A'],False,99
16,True,3,2,['B' 'B'],True,50
16,False,4,2,['A' 'A'],True,99
16,True,5,2,['A' 'B'],True,7
16,False,3,3,['A' 'A' 'B'],True,99
16,False,4,3,['A' 'B' 'A'],True,99
16,True,5,3,['A' 'B' 'A'],True,17
16,False,3,4,['A' 'B' 'A' 'A'],True,99
16,False,4,4,['A' 'B' 'A' 'B'],True,99
16,True,5,4,['A' 'A' 'B' 'B'],True,16
16,False,3,5,['A' 'B' 'A' 'B' 'A'],True,99
16,True,4,5,['A' 'A' 'B' 'B' 'A'],True,68
16,False,5,5,['A' 'B' 'A' 'A' 'B'],True,99
16,False,3,2,['B' 'B'],False,99
16,False,4,2,['A' 'A'],False,99
16,True,5,2,['A' 'B'],False,8
16,False,3,3,['A' 'A' 'B'],False,99
16,True,4,3,['A' 'B' 'A'],False,77
16,True,5,3,['A' 'B' 'A'],False,19
16,False,3,4,['A' 'B' 'A' 'A'],False,99
16,True,4,4,['A' 'B' 'A' 'B'],False,82
16,False,5,4,['A' 'A' 'B' 'B'],False,99
16,False,3,5,['A' 'B' 'A' 'B' 'A'],False,99
16,False,4,5,['A' 'A' 'B' 'B' 'A'],False,99
16,True,5,5,['A' 'B' 'A' 'A' 'B'],False,25
17,True,3,2,['A' 'A'],True,13
17,True,4,2,['A' 'B'],True,68
17,True,5,2,['B' 'B'],True,35
17,True,3,3,['A' 'B' 'A'],True,28
17,True,4,3,['B' 'B' 'A'],True,26
17,False,5,3,['A' 'B' 'B'],True,99
17,False,3,4,['B' 'B' 'A' 'B'],True,99
17,True,4,4,['A' 'B' 'B' 'B'],True,31
17,True,5,4,['A' 'B' 'B' 'A'],True,23
17,True,3,5,['A' 'B' 'B' 'B' 'A'],True,33
17,True,4,5,['A' 'B' 'B' 'A' 'A'],True,35
17,False,5,5,['A' 'A' 'A' 'A' 'B'],True,99
17,True,3,2,['A' 'A'],False,13
17,True,4,2,['A' 'B'],False,30
17,False,5,2,['B' 'B'],False,99
17,True,3,3,['A' 'B' 'A'],False,29
17,True,4,3,['B' 'B' 'A'],False,28
17,True,5,3,['A' 'B' 'B'],False,80
17,False,3,4,['B' 'B' 'A' 'B'],False,99
17,False,4,4,['A' 'B' 'B' 'B'],False,99
17,True,5,4,['A' 'B' 'B' 'A'],False,39
17,False,3,5,['A' 'B' 'B' 'B' 'A'],False,99
17,False,4,5,['A' 'B' 'B' 'A' 'A'],False,99
17,True,5,5,['A' 'A' 'A' 'A' 'B'],False,26
18,True,3,2,['B' 'B'],True,64
18,True,4,2,['A' 'A'],True,22
18,True,5,2,['B' 'B'],True,27
18,True,3,3,['A' 'A' 'B'],True,79
18,True,4,3,['B' 'B' 'B'],True,68
18,True,5,3,['A' 'B' 'A'],True,26
18,True,3,4,['B' 'B' 'B' 'A'],True,36
18,True,4,4,['A' 'B' 'A' 'B'],True,22
18,False,5,4,['A' 'A' 'A' 'B'],True,99
18,True,3,5,['A' 'B' 'A' 'B' 'A'],True,25
18,False,4,5,['A' 'A' 'A' 'B' 'B'],True,99
18,True,5,5,['B' 'B' 'A' 'A' 'A'],True,36
18,False,3,2,['B' 'B'],False,99
18,True,4,2,['A' 'A'],False,22
18,True,5,2,['B' 'B'],False,30
18,True,3,3,['A' 'A' 'B'],False,88
18,False,4,3,['B' 'B' 'B'],False,99
18,True,5,3,['A' 'B' 'A'],False,25
18,False,3,4,['B' 'B' 'B' 'A'],False,99
18,False,4,4,['A' 'B' 'A' 'B'],False,99
18,True,5,4,['A' 'A' 'A' 'B'],False,40
18,False,3,5,['A' 'B' 'A' 'B' 'A'],False,99
18,True,4,5,['A' 'A' 'A' 'B' 'B'],False,28
18,False,5,5,['B' 'B' 'A' 'A' 'A'],False,99
19,False,3,2,['B' 'B'],True,99
19,True,4,2,['B' 'B'],True,17
19,True,5,2,['A' 'B'],True,16
19,False,3,3,['B' 'B' 'B'],True,99
19,True,4,3,['A' 'B' 'B'],True,62
19,True,5,3,['A' 'B' 'B'],True,31
19,False,3,4,['A' 'B' 'B' 'B'],True,99
19,True,4,4,['A' 'B' 'B' 'A'],True,41
19,False,5,4,['B' 'B' 'B' 'B'],True,99
19,True,3,5,['A' 'B' 'B' 'A' 'B'],True,40
19,False,4,5,['B' 'B' 'B' 'B' 'A'],True,99
19,True,5,5,['A' 'A' 'B' 'B' 'A'],True,22
19,True,3,2,['B' 'B'],False,93
19,False,4,2,['B' 'B'],False,99
19,True,5,2,['A' 'B'],False,17
19,False,3,3,['B' 'B' 'B'],False,99
19,False,4,3,['A' 'B' 'B'],False,99
19,False,5,3,['A' 'B' 'B'],False,99
19,False,3,4,['A' 'B' 'B' 'B'],False,99
19,False,4,4,['A' 'B' 'B' 'A'],False,99
19,False,5,4,['B' 'B' 'B' 'B'],False,99
19,False,3,5,['A' 'B' 'B' 'A' 'B'],False,99
19,False,4,5,['B' 'B' 'B' 'B' 'A'],False,99
19,False,5,5,['A' 'A' 'B' 'B' 'A'],False,99
20,True,3,2,['A' 'B'],True,33
20,True,4,2,['A' 'A'],True,17
20,True,5,2,['B' 'B'],True,53
20,True,3,3,['A' 'A' 'B'],True,34
20,False,4,3,['B' 'B' 'B'],True,99
20,False,5,3,['A' 'A' 'B'],True,99
20,True,3,4,['B' 'B' 'B' 'A'],True,75
20,True,4,4,['A' 'A' 'B' 'B'],True,26
20,True,5,4,['A' 'B' 'B' 'A'],True,26
20,True,3,5,['A' 'A' 'B' 'B' 'A'],True,30
20,False,4,5,['A' 'B' 'B' 'A' 'B'],True,99
20,False,5,5,['B' 'B' 'B' 'B' 'B'],True,99
20,True,3,2,['A' 'B'],False,29
20,True,4,2,['A' 'A'],False,17
20,False,5,2,['B' 'B'],False,99
20,False,3,3,['A' 'A' 'B'],False,99
20,False,4,3,['B' 'B' 'B'],False,99
20,False,5,3,['A' 'A' 'B'],False,99
20,False,3,4,['B' 'B' 'B' 'A'],False,99
20,False,4,4,['A' 'A' 'B' 'B'],False,99
20,False,5,4,['A' 'B' 'B' 'A'],False,99
20,False,3,5,['A' 'A' 'B' 'B' 'A'],False,99
20,False,4,5,['A' 'B' 'B' 'A' 'B'],False,99
20,False,5,5,['B' 'B' 'B' 'B' 'B'],False,99
21,True,3,2,['B' 'A'],True,21
21,True,4,2,['A' 'A'],True,13
21,True,5,2,['B' 'A'],True,24
21,True,3,3,['A' 'A' 'A'],True,22
21,True,4,3,['B' 'A' 'B'],True,45
21,True,5,3,['A' 'B' 'B'],True,24
21,True,3,4,['B' 'A' 'B' 'A'],True,26
21,True,4,4,['A' 'B' 'B' 'A'],True,18
21,True,5,4,['B' 'A' 'A' 'A'],True,27
21,True,3,5,['A' 'B' 'B' 'A' 'B'],True,31
21,True,4,5,['B' 'A' 'A' 'A' 'A'],True,21
21,False,5,5,['A' 'A' 'A' 'A' 'B'],True,99
21,True,3,2,['B' 'A'],False,26
21,True,4,2,['A' 'A'],False,13
21,True,5,2,['B' 'A'],False,24
21,True,3,3,['A' 'A' 'A'],False,22
21,False,4,3,['B' 'A' 'B'],False,99
21,True,5,3,['A' 'B' 'B'],False,22
21,True,3,4,['B' 'A' 'B' 'A'],False,57
21,False,4,4,['A' 'B' 'B' 'A'],False,99
21,False,5,4,['B' 'A' 'A' 'A'],False,99
21,False,3,5,['A' 'B' 'B' 'A' 'B'],False,99
21,False,4,5,['B' 'A' 'A' 'A' 'A'],False,99
21,False,5,5,['A' 'A' 'A' 'A' 'B'],False,99
22,True,3,2,['B' 'A'],True,15
22,True,4,2,['A' 'A'],True,13
22,True,5,2,['B' 'A'],True,21
22,True,3,3,['A' 'A' 'B'],True,13
22,True,4,3,['B' 'A' 'A'],True,19
22,True,5,3,['A' 'B' 'A'],True,44
22,True,3,4,['B' 'A' 'A' 'B'],True,24
22,False,4,4,['A' 'B' 'A' 'B'],True,99
22,True,5,4,['B' 'B' 'A' 'B'],True,86
22,False,3,5,['A' 'B' 'A' 'B' 'B'],True,99
22,True,4,5,['B' 'B' 'A' 'B' 'B'],True,92
22,True,5,5,['B' 'B' 'B' 'B' 'A'],True,74
22,True,3,2,['B' 'A'],False,22
22,True,4,2,['A' 'A'],False,13
22,True,5,2,['B' 'A'],False,21
22,True,3,3,['A' 'A' 'B'],False,19
22,True,4,3,['B' 'A' 'A'],False,19
22,False,5,3,['A' 'B' 'A'],False,99
22,True,3,4,['B' 'A' 'A' 'B'],False,66
22,True,4,4,['A' 'B' 'A' 'B'],False,47
22,True,5,4,['B' 'B' 'A' 'B'],False,86
22,False,3,5,['A' 'B' 'A' 'B' 'B'],False,99
22,False,4,5,['B' 'B' 'A' 'B' 'B'],False,99
22,False,5,5,['B' 'B' 'B' 'B' 'A'],False,99
23,True,3,2,['B' 'B'],True,24
23,True,4,2,['A' 'B'],True,17
23,True,5,2,['B' 'A'],True,28
23,True,3,3,['A' 'B' 'A'],True,17
23,False,4,3,['B' 'A' 'A'],True,99
23,False,5,3,['B' 'B' 'B'],True,99
23,False,3,4,['B' 'A' 'A' 'B'],True,99
23,False,4,4,['B' 'B' 'B' 'B'],True,99
23,True,5,4,['B' 'A' 'B' 'B'],True,94
23,False,3,5,['B' 'B' 'B' 'B' 'B'],True,99
23,False,4,5,['B' 'A' 'B' 'B' 'A'],True,99
23,False,5,5,['A' 'B' 'B' 'A' 'B'],True,99
23,False,3,2,['B' 'B'],False,99
23,True,4,2,['A' 'B'],False,25
23,True,5,2,['B' 'A'],False,28
23,True,3,3,['A' 'B' 'A'],False,57
23,False,4,3,['B' 'A' 'A'],False,99
23,False,5,3,['B' 'B' 'B'],False,99
23,False,3,4,['B' 'A' 'A' 'B'],False,99
23,False,4,4,['B' 'B' 'B' 'B'],False,99
23,False,5,4,['B' 'A' 'B' 'B'],False,99
23,False,3,5,['B' 'B' 'B' 'B' 'B'],False,99
23,False,4,5,['B' 'A' 'B' 'B' 'A'],False,99
23,False,5,5,['A' 'B' 'B' 'A' 'B'],False,99
24,True,3,2,['B' 'A'],True,52
24,False,4,2,['B' 'B'],True,99
24,True,5,2,['A' 'A'],True,15
24,True,3,3,['B' 'B' 'B'],True,55
24,True,4,3,['A' 'A' 'A'],True,17
24,False,5,3,['B' 'B' 'B'],True,99
24,True,3,4,['A' 'A' 'A' 'A'],True,28
24,True,4,4,['B' 'B' 'B' 'A'],True,74
24,True,5,4,['B' 'A' 'B' 'B'],True,38
24,True,3,5,['B' 'B' 'B' 'A' 'B'],True,62
24,True,4,5,['B' 'A' 'B' 'B' 'A'],True,32
24,True,5,5,['A' 'A' 'B' 'A' 'B'],True,18
24,True,3,2,['B' 'A'],False,53
24,True,4,2,['B' 'B'],False,73
24,True,5,2,['A' 'A'],False,15
24,False,3,3,['B' 'B' 'B'],False,99
24,True,4,3,['A' 'A' 'A'],False,17
24,False,5,3,['B' 'B' 'B'],False,99
24,True,3,4,['A' 'A' 'A' 'A'],False,27
24,False,4,4,['B' 'B' 'B' 'A'],False,99
24,False,5,4,['B' 'A' 'B' 'B'],False,99
24,False,3,5,['B' 'B' 'B' 'A' 'B'],False,99
24,True,4,5,['B' 'A' 'B' 'B' 'A'],False,76
24,False,5,5,['A' 'A' 'B' 'A' 'B'],False,99
25,True,3,2,['B' 'B'],True,66
25,True,4,2,['B' 'A'],True,10
25,True,5,2,['B' 'A'],True,19
25,True,3,3,['B' 'A' 'B'],True,16
25,True,4,3,['B' 'A' 'B'],True,20
25,True,5,3,['B' 'B' 'A'],True,36
25,True,3,4,['B' 'A' 'B' 'A'],True,20
25,True,4,4,['B' 'B' 'A' 'A'],True,27
25,True,5,4,['B' 'A' 'B' 'A'],True,29
25,True,3,5,['B' 'B' 'A' 'A' 'B'],True,29
25,True,4,5,['B' 'A' 'B' 'A' 'B'],True,30
25,True,5,5,['B' 'A' 'A' 'A' 'B'],True,59
25,True,3,2,['B' 'B'],False,59
25,True,4,2,['B' 'A'],False,11
25,True,5,2,['B' 'A'],False,19
25,False,3,3,['B' 'A' 'B'],False,99
25,True,4,3,['B' 'A' 'B'],False,19
25,True,5,3,['B' 'B' 'A'],False,46
25,False,3,4,['B' 'A' 'B' 'A'],False,99
25,False,4,4,['B' 'B' 'A' 'A'],False,99
25,True,5,4,['B' 'A' 'B' 'A'],False,23
25,False,3,5,['B' 'B' 'A' 'A' 'B'],False,99
25,False,4,5,['B' 'A' 'B' 'A' 'B'],False,99
25,True,5,5,['B' 'A' 'A' 'A' 'B'],False,21
26,True,3,2,['A' 'B'],True,29
26,True,4,2,['A' 'A'],True,23
26,True,5,2,['B' 'B'],True,69
26,True,3,3,['A' 'A' 'B'],True,22
26,True,4,3,['B' 'B' 'A'],True,19
26,True,5,3,['B' 'B' 'A'],True,21
26,True,3,4,['B' 'B' 'A' 'A'],True,37
26,True,4,4,['B' 'B' 'A' 'B'],True,58
26,True,5,4,['A' 'A' 'A' 'A'],True,47
26,True,3,5,['B' 'B' 'A' 'B' 'A'],True,25
26,True,4,5,['A' 'A' 'A' 'A' 'A'],True,58
26,True,5,5,['A' 'A' 'B' 'B' 'B'],True,44
26,True,3,2,['A' 'B'],False,26
26,True,4,2,['A' 'A'],False,23
26,False,5,2,['B' 'B'],False,99
26,True,3,3,['A' 'A' 'B'],False,81
26,True,4,3,['B' 'B' 'A'],False,22
26,False,5,3,['B' 'B' 'A'],False,99
26,False,3,4,['B' 'B' 'A' 'A'],False,99
26,True,4,4,['B' 'B' 'A' 'B'],False,80
26,True,5,4,['A' 'A' 'A' 'A'],False,47
26,False,3,5,['B' 'B' 'A' 'B' 'A'],False,99
26,True,4,5,['A' 'A' 'A' 'A' 'A'],False,54
26,False,5,5,['A' 'A' 'B' 'B' 'B'],False,99
27,True,3,2,['A' 'A'],True,29
27,True,4,2,['B' 'B'],True,9
27,True,5,2,['A' 'B'],True,7
27,False,3,3,['B' 'B' 'B'],True,99
27,True,4,3,['A' 'B' 'B'],True,8
27,True,5,3,['B' 'B' 'A'],True,28
27,True,3,4,['A' 'B' 'B' 'A'],True,30
27,False,4,4,['B' 'B' 'A' 'A'],True,99
27,True,5,4,['A' 'A' 'B' 'B'],True,23
27,True,3,5,['B' 'B' 'A' 'A' 'A'],True,48
27,True,4,5,['A' 'A' 'B' 'B' 'A'],True,27
27,True,5,5,['A' 'B' 'B' 'A' 'B'],True,28
27,True,3,2,['A' 'A'],False,29
27,False,4,2,['B' 'B'],False,99
27,True,5,2,['A' 'B'],False,11
27,False,3,3,['B' 'B' 'B'],False,99
27,False,4,3,['A' 'B' 'B'],False,99
27,False,5,3,['B' 'B' 'A'],False,99
27,False,3,4,['A' 'B' 'B' 'A'],False,99
27,False,4,4,['B' 'B' 'A' 'A'],False,99
27,False,5,4,['A' 'A' 'B' 'B'],False,99
27,False,3,5,['B' 'B' 'A' 'A' 'A'],False,99
27,False,4,5,['A' 'A' 'B' 'B' 'A'],False,99
27,False,5,5,['A' 'B' 'B' 'A' 'B'],False,99
28,True,3,2,['A' 'A'],True,27
28,True,4,2,['A' 'A'],True,37
28,True,5,2,['A' 'B'],True,27
28,False,3,3,['A' 'A' 'B'],True,99
28,True,4,3,['A' 'B' 'A'],True,51
28,True,5,3,['A' 'B' 'A'],True,37
28,True,3,4,['A' 'B' 'A' 'A'],True,72
28,True,4,4,['A' 'B' 'A' 'A'],True,35
28,True,5,4,['A' 'A' 'B' 'B'],True,67
28,True,3,5,['A' 'B' 'A' 'A' 'A'],True,34
28,True,4,5,['A' 'A' 'B' 'B' 'A'],True,40
28,True,5,5,['A' 'A' 'B' 'A' 'A'],True,33
28,True,3,2,['A' 'A'],False,27
28,True,4,2,['A' 'A'],False,38
28,True,5,2,['A' 'B'],False,34
28,True,3,3,['A' 'A' 'B'],False,29
28,True,4,3,['A' 'B' 'A'],False,55
28,True,5,3,['A' 'B' 'A'],False,49
28,False,3,4,['A' 'B' 'A' 'A'],False,99
28,True,4,4,['A' 'B' 'A' 'A'],False,36
28,False,5,4,['A' 'A' 'B' 'B'],False,99
28,True,3,5,['A' 'B' 'A' 'A' 'A'],False,42
28,True,4,5,['A' 'A' 'B' 'B' 'A'],False,42
28,False,5,5,['A' 'A' 'B' 'A' 'A'],False,99
29,True,3,2,['A' 'A'],True,14
29,True,4,2,['A' 'A'],True,18
29,False,5,2,['B' 'B'],True,99
29,False,3,3,['A' 'A' 'B'],True,99
29,True,4,3,['B' 'B' 'A'],True,19
29,False,5,3,['A' 'A' 'B'],True,99
29,False,3,4,['B' 'B' 'A' 'B'],True,99
29,True,4,4,['A' 'A' 'B' 'A'],True,16
29,True,5,4,['B' 'B' 'A' 'A'],True,22
29,False,3,5,['A' 'A' 'B' 'A' 'B'],True,99
29,True,4,5,['B' 'B' 'A' 'A' 'A'],True,45
29,False,5,5,['A' 'A' 'B' 'A' 'B'],True,99
29,True,3,2,['A' 'A'],False,14
29,True,4,2,['A' 'A'],False,18
29,True,5,2,['B' 'B'],False,19
29,True,3,3,['A' 'A' 'B'],False,22
29,False,4,3,['B' 'B' 'A'],False,99
29,True,5,3,['A' 'A' 'B'],False,20
29,False,3,4,['B' 'B' 'A' 'B'],False,99
29,True,4,4,['A' 'A' 'B' 'A'],False,21
29,False,5,4,['B' 'B' 'A' 'A'],False,99
29,True,3,5,['A' 'A' 'B' 'A' 'B'],False,50
29,False,4,5,['B' 'B' 'A' 'A' 'A'],False,99
29,False,5,5,['A' 'A' 'B' 'A' 'B'],False,99
30,True,3,2,['B' 'A'],True,15
30,True,4,2,['A' 'A'],True,18
30,True,5,2,['A' 'A'],True,17
30,True,3,3,['A' 'A' 'A'],True,19
30,True,4,3,['A' 'A' 'B'],True,18
30,True,5,3,['B' 'A' 'A'],True,54
30,True,3,4,['A' 'A' 'B' 'A'],True,19
30,True,4,4,['B' 'A' 'A' 'B'],True,59
30,True,5,4,['B' 'B' 'A' 'B'],True,93
30,True,3,5,['B' 'A' 'A' 'B' 'B'],True,22
30,True,4,5,['B' 'B' 'A' 'B' 'A'],True,57
30,True,5,5,['A' 'B' 'B' 'A' 'B'],True,27
30,True,3,2,['B' 'A'],False,17
30,True,4,2,['A' 'A'],False,18
30,True,5,2,['A' 'A'],False,17
30,True,3,3,['A' 'A' 'A'],False,19
30,True,4,3,['A' 'A' 'B'],False,28
30,False,5,3,['B' 'A' 'A'],False,99
30,True,3,4,['A' 'A' 'B' 'A'],False,35
30,False,4,4,['B' 'A' 'A' 'B'],False,99
30,False,5,4,['B' 'B' 'A' 'B'],False,99
30,False,3,5,['B' 'A' 'A' 'B' 'B'],False,99
30,False,4,5,['B' 'B' 'A' 'B' 'A'],False,99
30,True,5,5,['A' 'B' 'B' 'A' 'B'],False,80
31,True,3,2,['B' 'B'],True,27
31,True,4,2,['B' 'A'],True,22
31,True,5,2,['A' 'A'],True,20
31,False,3,3,['B' 'A' 'B'],True,99
31,False,4,3,['A' 'A' 'B'],True,99
31,True,5,3,['A' 'B' 'B'],True,19
31,True,3,4,['A' 'A' 'B' 'B'],True,29
31,True,4,4,['A' 'B' 'B' 'A'],True,19
31,True,5,4,['A' 'B' 'B' 'A'],True,19
31,True,3,5,['A' 'B' 'B' 'A' 'A'],True,29
31,True,4,5,['A' 'B' 'B' 'A' 'B'],True,19
31,True,5,5,['B' 'B' 'A' 'B' 'A'],True,68
31,False,3,2,['B' 'B'],False,99
31,True,4,2,['B' 'A'],False,26
31,True,5,2,['A' 'A'],False,20
31,False,3,3,['B' 'A' 'B'],False,99
31,True,4,3,['A' 'A' 'B'],False,48
31,False,5,3,['A' 'B' 'B'],False,99
31,False,3,4,['A' 'A' 'B' 'B'],False,99
31,False,4,4,['A' 'B' 'B' 'A'],False,99
31,False,5,4,['A' 'B' 'B' 'A'],False,99
31,False,3,5,['A' 'B' 'B' 'A' 'A'],False,99
31,False,4,5,['A' 'B' 'B' 'A' 'B'],False,99
31,False,5,5,['B' 'B' 'A' 'B' 'A'],False,99
32,True,3,2,['B' 'A'],True,33
32,True,4,2,['A' 'A'],True,29
32,True,5,2,['A' 'A'],True,21
32,True,3,3,['A' 'A' 'A'],True,36
32,True,4,3,['A' 'A' 'A'],True,34
32,True,5,3,['B' 'B' 'A'],True,44
32,False,3,4,['A' 'A' 'A' 'B'],True,99
32,False,4,4,['B' 'B' 'A' 'B'],True,99
32,True,5,4,['B' 'A' 'B' 'A'],True,20
32,True,3,5,['B' 'B' 'A' 'B' 'B'],True,58
32,True,4,5,['B' 'A' 'B' 'A' 'A'],True,34
32,True,5,5,['A' 'B' 'A' 'B' 'A'],True,20
32,True,3,2,['B' 'A'],False,38
32,True,4,2,['A' 'A'],False,29
32,True,5,2,['A' 'A'],False,21
32,True,3,3,['A' 'A' 'A'],False,36
32,True,4,3,['A' 'A' 'A'],False,34
32,False,5,3,['B' 'B' 'A'],False,99
32,False,3,4,['A' 'A' 'A' 'B'],False,99
32,False,4,4,['B' 'B' 'A' 'B'],False,99
32,False,5,4,['B' 'A' 'B' 'A'],False,99
32,False,3,5,['B' 'B' 'A' 'B' 'B'],False,99
32,False,4,5,['B' 'A' 'B' 'A' 'A'],False,99
32,False,5,5,['A' 'B' 'A' 'B' 'A'],False,99
33,True,3,2,['A' 'B'],True,88
33,True,4,2,['A' 'A'],True,13
33,True,5,2,['A' 'A'],True,30
33,False,3,3,['A' 'A' 'A'],True,99
33,True,4,3,['A' 'A' 'A'],True,21
33,False,5,3,['A' 'A' 'B'],True,99
33,True,3,4,['A' 'A' 'A' 'A'],True,39
33,False,4,4,['A' 'A' 'B' 'B'],True,99
33,False,5,4,['B' 'B' 'B' 'B'],True,99
33,True,3,5,['A' 'A' 'B' 'B' 'B'],True,39
33,True,4,5,['B' 'B' 'B' 'B' 'A'],True,59
33,True,5,5,['A' 'B' 'B' 'A' 'B'],True,31
33,True,3,2,['A' 'B'],False,20
33,True,4,2,['A' 'A'],False,13
33,True,5,2,['A' 'A'],False,30
33,False,3,3,['A' 'A' 'A'],False,99
33,True,4,3,['A' 'A' 'A'],False,21
33,True,5,3,['A' 'A' 'B'],False,33
33,True,3,4,['A' 'A' 'A' 'A'],False,36
33,True,4,4,['A' 'A' 'B' 'B'],False,57
33,False,5,4,['B' 'B' 'B' 'B'],False,99
33,False,3,5,['A' 'A' 'B' 'B' 'B'],False,99
33,False,4,5,['B' 'B' 'B' 'B' 'A'],False,99
33,False,5,5,['A' 'B' 'B' 'A' 'B'],False,99
34,True,3,2,['A' 'A'],True,17
34,True,4,2,['A' 'B'],True,9
34,True,5,2,['B' 'B'],True,93
34,True,3,3,['A' 'B' 'A'],True,17
34,True,4,3,['B' 'B' 'B'],True,55
34,False,5,3,['A' 'A' 'B'],True,99
34,False,3,4,['B' 'B' 'B' 'B'],True,99
34,True,4,4,['A' 'A' 'B' 'A'],True,26
34,True,5,4,['B' 'A' 'A' 'A'],True,28
34,True,3,5,['A' 'A' 'B' 'A' 'B'],True,37
34,True,4,5,['B' 'A' 'A' 'A' 'A'],True,33
34,False,5,5,['A' 'B' 'A' 'A' 'B'],True,99
34,True,3,2,['A' 'A'],False,17
34,True,4,2,['A' 'B'],False,9
34,True,5,2,['B' 'B'],False,51
34,True,3,3,['A' 'B' 'A'],False,90
34,False,4,3,['B' 'B' 'B'],False,99
34,True,5,3,['A' 'A' 'B'],False,33
34,True,3,4,['B' 'B' 'B' 'B'],False,51
34,True,4,4,['A' 'A' 'B' 'A'],False,36
34,True,5,4,['B' 'A' 'A' 'A'],False,31
34,False,3,5,['A' 'A' 'B' 'A' 'B'],False,99
34,True,4,5,['B' 'A' 'A' 'A' 'A'],False,28
34,False,5,5,['A' 'B' 'A' 'A' 'B'],False,99
35,True,3,2,['B' 'A'],True,16
35,True,4,2,['A' 'B'],True,30
35,True,5,2,['B' 'B'],True,9
35,True,3,3,['A' 'B' 'A'],True,28
35,False,4,3,['B' 'B' 'B'],True,99
35,False,5,3,['B' 'B' 'B'],True,99
35,False,3,4,['B' 'B' 'B' 'B'],True,99
35,False,4,4,['B' 'B' 'B' 'A'],True,99
35,False,5,4,['B' 'B' 'A' 'A'],True,99
35,False,3,5,['B' 'B' 'B' 'A' 'B'],True,99
35,True,4,5,['B' 'B' 'A' 'A' 'A'],True,52
35,False,5,5,['A' 'B' 'A' 'A' 'A'],True,99
35,True,3,2,['B' 'A'],False,30
35,True,4,2,['A' 'B'],False,32
35,True,5,2,['B' 'B'],False,15
35,False,3,3,['A' 'B' 'A'],False,99
35,False,4,3,['B' 'B' 'B'],False,99
35,False,5,3,['B' 'B' 'B'],False,99
35,False,3,4,['B' 'B' 'B' 'B'],False,99
35,False,4,4,['B' 'B' 'B' 'A'],False,99
35,False,5,4,['B' 'B' 'A' 'A'],False,99
35,False,3,5,['B' 'B' 'B' 'A' 'B'],False,99
35,False,4,5,['B' 'B' 'A' 'A' 'A'],False,99
35,False,5,5,['A' 'B' 'A' 'A' 'A'],False,99
36,True,3,2,['B' 'B'],True,33
36,True,4,2,['A' 'A'],True,21
36,True,5,2,['B' 'B'],True,25
36,True,3,3,['A' 'A' 'A'],True,22
36,True,4,3,['B' 'B' 'B'],True,29
36,True,5,3,['B' 'B' 'B'],True,67
36,True,3,4,['B' 'B' 'B' 'A'],True,38
36,True,4,4,['B' 'B' 'B' 'B'],True,54
36,True,5,4,['A' 'A' 'A' 'B'],True,61
36,True,3,5,['B' 'B' 'B' 'B' 'A'],True,68
36,True,4,5,['A' 'A' 'A' 'B' 'B'],True,66
36,True,5,5,['B' 'A' 'B' 'A' 'B'],True,44
36,True,3,2,['B' 'B'],False,63
36,True,4,2,['A' 'A'],False,21
36,False,5,2,['B' 'B'],False,99
36,True,3,3,['A' 'A' 'A'],False,22
36,True,4,3,['B' 'B' 'B'],False,89
36,False,5,3,['B' 'B' 'B'],False,99
36,False,3,4,['B' 'B' 'B' 'A'],False,99
36,False,4,4,['B' 'B' 'B' 'B'],False,99
36,False,5,4,['A' 'A' 'A' 'B'],False,99
36,False,3,5,['B' 'B' 'B' 'B' 'A'],False,99
36,False,4,5,['A' 'A' 'A' 'B' 'B'],False,99
36,False,5,5,['B' 'A' 'B' 'A' 'B'],False,99
37,True,3,2,['B' 'A'],True,15
37,True,4,2,['A' 'A'],True,13
37,True,5,2,['A' 'A'],True,14
37,True,3,3,['A' 'A' 'A'],True,21
37,True,4,3,['A' 'A' 'B'],True,14
37,True,5,3,['A' 'B' 'A'],True,20
37,True,3,4,['A' 'A' 'B' 'A'],True,23
37,False,4,4,['A' 'B' 'A' 'B'],True,99
37,True,5,4,['A' 'B' 'A' 'B'],True,19
37,True,3,5,['A' 'B' 'A' 'B' 'A'],True,22
37,True,4,5,['A' 'B' 'A' 'B' 'A'],True,19
37,True,5,5,['A' 'B' 'B' 'A' 'B'],True,19
37,True,3,2,['B' 'A'],False,24
37,True,4,2,['A' 'A'],False,13
37,True,5,2,['A' 'A'],False,14
37,True,3,3,['A' 'A' 'A'],False,21
37,True,4,3,['A' 'A' 'B'],False,25
37,True,5,3,['A' 'B' 'A'],False,27
37,True,3,4,['A' 'A' 'B' 'A'],False,55
37,False,4,4,['A' 'B' 'A' 'B'],False,99
37,False,5,4,['A' 'B' 'A' 'B'],False,99
37,False,3,5,['A' 'B' 'A' 'B' 'A'],False,99
37,False,4,5,['A' 'B' 'A' 'B' 'A'],False,99
37,False,5,5,['A' 'B' 'B' 'A' 'B'],False,99
38,True,3,2,['B' 'A'],True,23
38,False,4,2,['B' 'B'],True,99
38,True,5,2,['A' 'B'],True,14
38,True,3,3,['B' 'B' 'B'],True,67
38,False,4,3,['A' 'B' 'B'],True,99
38,True,5,3,['B' 'B' 'B'],True,65
38,True,3,4,['A' 'B' 'B' 'B'],True,38
38,True,4,4,['B' 'B' 'B' 'A'],True,64
38,True,5,4,['A' 'A' 'B' 'A'],True,13
38,True,3,5,['B' 'B' 'B' 'A' 'A'],True,34
38,True,4,5,['A' 'A' 'B' 'A' 'A'],True,27
38,True,5,5,['A' 'B' 'B' 'A' 'B'],True,14
38,True,3,2,['B' 'A'],False,25
38,True,4,2,['B' 'B'],False,61
38,True,5,2,['A' 'B'],False,25
38,False,3,3,['B' 'B' 'B'],False,99
38,False,4,3,['A' 'B' 'B'],False,99
38,False,5,3,['B' 'B' 'B'],False,99
38,False,3,4,['A' 'B' 'B' 'B'],False,99
38,False,4,4,['B' 'B' 'B' 'A'],False,99
38,True,5,4,['A' 'A' 'B' 'A'],False,21
38,False,3,5,['B' 'B' 'B' 'A' 'A'],False,99
38,True,4,5,['A' 'A' 'B' 'A' 'A'],False,33
38,False,5,5,['A' 'B' 'B' 'A' 'B'],False,99
39,True,3,2,['B' 'A'],True,13
39,True,4,2,['A' 'A'],True,14
39,True,5,2,['B' 'B'],True,50
39,True,3,3,['A' 'A' 'A'],True,15
39,True,4,3,['B' 'B' 'B'],True,94
39,True,5,3,['B' 'A' 'B'],True,55
39,True,3,4,['B' 'B' 'B' 'A'],True,46
39,True,4,4,['B' 'A' 'B' 'A'],True,51
39,False,5,4,['A' 'A' 'B' 'B'],True,99
39,True,3,5,['B' 'A' 'B' 'A' 'A'],True,28
39,False,4,5,['A' 'A' 'B' 'B' 'B'],True,99
39,True,5,5,['B' 'A' 'B' 'B' 'B'],True,39
39,True,3,2,['B' 'A'],False,16
39,True,4,2,['A' 'A'],False,14
39,True,5,2,['B' 'B'],False,47
39,True,3,3,['A' 'A' 'A'],False,15
39,True,4,3,['B' 'B' 'B'],False,40
39,True,5,3,['B' 'A' 'B'],False,54
39,False,3,4,['B' 'B' 'B' 'A'],False,99
39,False,4,4,['B' 'A' 'B' 'A'],False,99
39,True,5,4,['A' 'A' 'B' 'B'],False,73
39,False,3,5,['B' 'A' 'B' 'A' 'A'],False,99
39,True,4,5,['A' 'A' 'B' 'B' 'B'],False,56
39,False,5,5,['B' 'A' 'B' 'B' 'B'],False,99
40,True,3,2,['B' 'B'],True,36
40,True,4,2,['A' 'A'],True,22
40,True,5,2,['A' 'A'],True,10
40,True,3,3,['A' 'A' 'B'],True,21
40,True,4,3,['A' 'A' 'A'],True,22
40,False,5,3,['A' 'A' 'B'],True,99
40,True,3,4,['A' 'A' 'A' 'A'],True,21
40,True,4,4,['A' 'A' 'B' 'B'],True,23
40,False,5,4,['B' 'B' 'B' 'B'],True,99
40,False,3,5,['A' 'A' 'B' 'B' 'B'],True,99
40,False,4,5,['B' 'B' 'B' 'B' 'B'],True,99
40,False,5,5,['B' 'B' 'A' 'B' 'B'],True,99
40,False,3,2,['B' 'B'],False,99
40,True,4,2,['A' 'A'],False,22
40,True,5,2,['A' 'A'],False,10
40,False,3,3,['A' 'A' 'B'],False,99
40,True,4,3,['A' 'A' 'A'],False,22
40,True,5,3,['A' 'A' 'B'],False,31
40,True,3,4,['A' 'A' 'A' 'A'],False,21
40,False,4,4,['A' 'A' 'B' 'B'],False,99
40,False,5,4,['B' 'B' 'B' 'B'],False,99
40,False,3,5,['A' 'A' 'B' 'B' 'B'],False,99
40,False,4,5,['B' 'B' 'B' 'B' 'B'],False,99
40,False,5,5,['B' 'B' 'A' 'B' 'B'],False,99
41,True,3,2,['A' 'B'],True,45
41,True,4,2,['A' 'A'],True,18
41,True,5,2,['A' 'B'],True,10
41,False,3,3,['A' 'A' 'B'],True,99
41,True,4,3,['A' 'B' 'A'],True,28
41,True,5,3,['B' 'A' 'A'],True,21
41,False,3,4,['A' 'B' 'A' 'B'],True,99
41,True,4,4,['B' 'A' 'A' 'B'],True,27
41,False,5,4,['A' 'B' 'B' 'B'],True,99
41,True,3,5,['B' 'A' 'A' 'B' 'A'],True,54
41,True,4,5,['A' 'B' 'B' 'B' 'B'],True,18
41,True,5,5,['B' 'A' 'B' 'A' 'A'],True,19
41,True,3,2,['A' 'B'],False,31
41,True,4,2,['A' 'A'],False,18
41,True,5,2,['A' 'B'],False,22
41,False,3,3,['A' 'A' 'B'],False,99
41,True,4,3,['A' 'B' 'A'],False,44
41,True,5,3,['B' 'A' 'A'],False,26
41,False,3,4,['A' 'B' 'A' 'B'],False,99
41,False,4,4,['B' 'A' 'A' 'B'],False,99
41,False,5,4,['A' 'B' 'B' 'B'],False,99
41,False,3,5,['B' 'A' 'A' 'B' 'A'],False,99
41,False,4,5,['A' 'B' 'B' 'B' 'B'],False,99
41,False,5,5,['B' 'A' 'B' 'A' 'A'],False,99
42,True,3,2,['B' 'A'],True,15
42,True,4,2,['B' 'B'],True,18
42,True,5,2,['B' 'B'],True,38
42,True,3,3,['B' 'B' 'B'],True,31
42,False,4,3,['B' 'B' 'A'],True,99
42,False,5,3,['B' 'B' 'B'],True,99
42,False,3,4,['B' 'B' 'A' 'A'],True,99
42,False,4,4,['B' 'B' 'B' 'A'],True,99
42,True,5,4,['B' 'A' 'A' 'A'],True,29
42,False,3,5,['B' 'B' 'B' 'A' 'B'],True,99
42,True,4,5,['B' 'A' 'A' 'A' 'A'],True,49
42,True,5,5,['A' 'A' 'B' 'B' 'B'],True,38
42,True,3,2,['B' 'A'],False,19
42,False,4,2,['B' 'B'],False,99
42,False,5,2,['B' 'B'],False,99
42,False,3,3,['B' 'B' 'B'],False,99
42,False,4,3,['B' 'B' 'A'],False,99
42,False,5,3,['B' 'B' 'B'],False,99
42,False,3,4,['B' 'B' 'A' 'A'],False,99
42,False,4,4,['B' 'B' 'B' 'A'],False,99
42,False,5,4,['B' 'A' 'A' 'A'],False,99
42,False,3,5,['B' 'B' 'B' 'A' 'B'],False,99
42,False,4,5,['B' 'A' 'A' 'A' 'A'],False,99
42,False,5,5,['A' 'A' 'B' 'B' 'B'],False,99
43,True,3,2,['B' 'B'],True,19
43,True,4,2,['A' 'B'],True,15
43,True,5,2,['B' 'A'],True,26
43,True,3,3,['A' 'B' 'A'],True,22
43,True,4,3,['B' 'A' 'A'],True,36
43,True,5,3,['B' 'A' 'A'],True,32
43,True,3,4,['B' 'A' 'A' 'A'],True,56
43,True,4,4,['B' 'A' 'A' 'A'],True,58
43,True,5,4,['B' 'A' 'A' 'A'],True,29
43,True,3,5,['B' 'A' 'A' 'A' 'B'],True,93
43,True,4,5,['B' 'A' 'A' 'A' 'A'],True,39
43,True,5,5,['A' 'B' 'A' 'A' 'A'],True,36
43,True,3,2,['B' 'B'],False,26
43,True,4,2,['A' 'B'],False,16
43,True,5,2,['B' 'A'],False,27
43,False,3,3,['A' 'B' 'A'],False,99
43,True,4,3,['B' 'A' 'A'],False,39
43,True,5,3,['B' 'A' 'A'],False,67
43,False,3,4,['B' 'A' 'A' 'A'],False,99
43,True,4,4,['B' 'A' 'A' 'A'],False,61
43,False,5,4,['B' 'A' 'A' 'A'],False,99
43,False,3,5,['B' 'A' 'A' 'A' 'B'],False,99
43,True,4,5,['B' 'A' 'A' 'A' 'A'],False,76
43,False,5,5,['A' 'B' 'A' 'A' 'A'],False,99
44,True,3,2,['A' 'B'],True,9
44,True,4,2,['B' 'B'],True,17
44,True,5,2,['A' 'B'],True,23
44,True,3,3,['B' 'B' 'B'],True,29
44,True,4,3,['A' 'B' 'A'],True,17
44,True,5,3,['B' 'B' 'A'],True,47
44,False,3,4,['A' 'B' 'A' 'B'],True,99
44,True,4,4,['B' 'B' 'A' 'A'],True,43
44,True,5,4,['A' 'B' 'B' 'A'],True,46
44,True,3,5,['B' 'B' 'A' 'A' 'A'],True,35
44,True,4,5,['A' 'B' 'B' 'A' 'A'],True,33
44,True,5,5,['A' 'B' 'B' 'A' 'A'],True,64
44,True,3,2,['A' 'B'],False,38
44,False,4,2,['B' 'B'],False,99
44,True,5,2,['A' 'B'],False,19
44,False,3,3,['B' 'B' 'B'],False,99
44,True,4,3,['A' 'B' 'A'],False,23
44,False,5,3,['B' 'B' 'A'],False,99
44,True,3,4,['A' 'B' 'A' 'B'],False,59
44,False,4,4,['B' 'B' 'A' 'A'],False,99
44,False,5,4,['A' 'B' 'B' 'A'],False,99
44,False,3,5,['B' 'B' 'A' 'A' 'A'],False,99
44,False,4,5,['A' 'B' 'B' 'A' 'A'],False,99
44,False,5,5,['A' 'B' 'B' 'A' 'A'],False,99
45,True,3,2,['A' 'A'],True,27
45,True,4,2,['A' 'A'],True,17
45,True,5,2,['B' 'A'],True,10
45,True,3,3,['A' 'A' 'A'],True,21
45,True,4,3,['B' 'A' 'A'],True,36
45,True,5,3,['A' 'A' 'A'],True,16
45,True,3,4,['B' 'A' 'A' 'A'],True,28
45,True,4,4,['A' 'A' 'A' 'A'],True,47
45,True,5,4,['A' 'A' 'B' 'A'],True,16
45,True,3,5,['A' 'A' 'A' 'A' 'A'],True,21
45,True,4,5,['A' 'A' 'B' 'A' 'A'],True,48
45,False,5,5,['A' 'B' 'B' 'B' 'B'],True,99
45,True,3,2,['A' 'A'],False,27
45,True,4,2,['A' 'A'],False,17
45,True,5,2,['B' 'A'],False,19
45,True,3,3,['A' 'A' 'A'],False,21
45,False,4,3,['B' 'A' 'A'],False,99
45,True,5,3,['A' 'A' 'A'],False,16
45,True,3,4,['B' 'A' 'A' 'A'],False,40
45,True,4,4,['A' 'A' 'A' 'A'],False,44
45,False,5,4,['A' 'A' 'B' 'A'],False,99
45,True,3,5,['A' 'A' 'A' 'A' 'A'],False,21
45,False,4,5,['A' 'A' 'B' 'A' 'A'],False,99
45,False,5,5,['A' 'B' 'B' 'B' 'B'],False,99
46,True,3,2,['B' 'B'],True,45
46,True,4,2,['A' 'A'],True,26
46,True,5,2,['A' 'A'],True,26
46,True,3,3,['A' 'A' 'A'],True,42
46,True,4,3,['A' 'A' 'A'],True,26
46,True,5,3,['A' 'A' 'B'],True,22
46,True,3,4,['A' 'A' 'A' 'A'],True,45
46,True,4,4,['A' 'A' 'B' 'B'],True,26
46,True,5,4,['A' 'A' 'A' 'A'],True,29
46,True,3,5,['A' 'A' 'B' 'B' 'A'],True,42
46,False,4,5,['A' 'A' 'A' 'A' 'B'],True,99
46,True,5,5,['B' 'A' 'B' 'A' 'A'],True,48
46,False,3,2,['B' 'B'],False,99
46,True,4,2,['A' 'A'],False,26
46,True,5,2,['A' 'A'],False,26
46,True,3,3,['A' 'A' 'A'],False,42
46,True,4,3,['A' 'A' 'A'],False,26
46,True,5,3,['A' 'A' 'B'],False,25
46,True,3,4,['A' 'A' 'A' 'A'],False,45
46,True,4,4,['A' 'A' 'B' 'B'],False,96
46,True,5,4,['A' 'A' 'A' 'A'],False,30
46,False,3,5,['A' 'A' 'B' 'B' 'A'],False,99
46,False,4,5,['A' 'A' 'A' 'A' 'B'],False,99
46,False,5,5,['B' 'A' 'B' 'A' 'A'],False,99
47,True,3,2,['B' 'B'],True,8
47,True,4,2,['B' 'A'],True,25
47,True,5,2,['B' 'A'],True,27
47,True,3,3,['B' 'A' 'B'],True,37
47,True,4,3,['B' 'A' 'B'],True,71
47,True,5,3,['A' 'A' 'A'],True,28
47,True,3,4,['B' 'A' 'B' 'A'],True,31
47,True,4,4,['A' 'A' 'A' 'A'],True,30
47,True,5,4,['B' 'B' 'A' 'B'],True,34
47,True,3,5,['A' 'A' 'A' 'A' 'B'],True,26
47,True,4,5,['B' 'B' 'A' 'B' 'A'],True,33
47,True,5,5,['A' 'B' 'B' 'B' 'A'],True,24
47,False,3,2,['B' 'B'],False,99
47,True,4,2,['B' 'A'],False,31
47,True,5,2,['B' 'A'],False,29
47,False,3,3,['B' 'A' 'B'],False,99
47,False,4,3,['B' 'A' 'B'],False,99
47,True,5,3,['A' 'A' 'A'],False,27
47,False,3,4,['B' 'A' 'B' 'A'],False,99
47,True,4,4,['A' 'A' 'A' 'A'],False,28
47,True,5,4,['B' 'B' 'A' 'B'],False,72
47,False,3,5,['A' 'A' 'A' 'A' 'B'],False,99
47,False,4,5,['B' 'B' 'A' 'B' 'A'],False,99
47,False,5,5,['A' 'B' 'B' 'B' 'A'],False,99
48,True,3,2,['A' 'B'],True,9
48,True,4,2,['B' 'A'],True,13
48,True,5,2,['B' 'A'],True,19
48,True,3,3,['B' 'A' 'A'],True,36
48,True,4,3,['B' 'A' 'A'],True,29
48,True,5,3,['B' 'A' 'A'],True,21
48,True,3,4,['B' 'A' 'A' 'B'],True,24
48,True,4,4,['B' 'A' 'A' 'A'],True,27
48,True,5,4,['B' 'A' 'A' 'B'],True,22
48,True,3,5,['B' 'A' 'A' 'A' 'B'],True,25
48,True,4,5,['B' 'A' 'A' 'B' 'B'],True,58
48,True,5,5,['B' 'A' 'A' 'B' 'B'],True,18
48,True,3,2,['A' 'B'],False,12
48,True,4,2,['B' 'A'],False,14
48,True,5,2,['B' 'A'],False,19
48,True,3,3,['B' 'A' 'A'],False,83
48,True,4,3,['B' 'A' 'A'],False,59
48,True,5,3,['B' 'A' 'A'],False,19
48,False,3,4,['B' 'A' 'A' 'B'],False,99
48,True,4,4,['B' 'A' 'A' 'A'],False,36
48,False,5,4,['B' 'A' 'A' 'B'],False,99
48,False,3,5,['B' 'A' 'A' 'A' 'B'],False,99
48,False,4,5,['B' 'A' 'A' 'B' 'B'],False,99
48,False,5,5,['B' 'A' 'A' 'B' 'B'],False,99
49,True,3,2,['A' 'B'],True,34
49,True,4,2,['A' 'B'],True,13
49,True,5,2,['A' 'B'],True,21
49,True,3,3,['A' 'B' 'A'],True,14
49,True,4,3,['A' 'B' 'A'],True,13
49,False,5,3,['A' 'B' 'B'],True,99
49,True,3,4,['A' 'B' 'A' 'B'],True,14
49,True,4,4,['A' 'B' 'B' 'A'],True,14
49,True,5,4,['A' 'A' 'A' 'A'],True,21
49,True,3,5,['A' 'B' 'B' 'A' 'A'],True,14
49,False,4,5,['A' 'A' 'A' 'A' 'B'],True,99
49,False,5,5,['B' 'B' 'B' 'A' 'B'],True,99
49,True,3,2,['A' 'B'],False,14
49,True,4,2,['A' 'B'],False,14
49,True,5,2,['A' 'B'],False,13
49,True,3,3,['A' 'B' 'A'],False,17
49,True,4,3,['A' 'B' 'A'],False,14
49,True,5,3,['A' 'B' 'B'],False,24
49,True,3,4,['A' 'B' 'A' 'B'],False,36
49,True,4,4,['A' 'B' 'B' 'A'],False,33
49,True,5,4,['A' 'A' 'A' 'A'],False,21
49,True,3,5,['A' 'B' 'B' 'A' 'A'],False,49
49,True,4,5,['A' 'A' 'A' 'A' 'B'],False,34
49,False,5,5,['B' 'B' 'B' 'A' 'B'],False,99
